id;seq1;seq2
test_1;AGGCAGCGGGGUGUAGUGGAUA;CUGUGCGUGUGACAGCGGCUGA
test_6;AGCCAGGGAGCCCGGUCCCGUC;AAGGAGGUCGGUCGGUUGAGUGUCACGUCUCCAGAAGAACCGGAGGGAGACGGGACACCUCGUCCUACACGCCCGUCGCUCCUCUUU
test_8;CAGUGCAAUGUUAAAAGGGCAU;CAGUGCAAUGAUAUUGUCAAAGC
test_14;CAAGAACCUCAGUUGCUUUUGU;CUUGGCACCUAGCAAGCACUCA
test_15;UCAUCAUUAUCAUCAUCAUCAUAUUCAUCUUCAUCAUCAUCGUCAUCAUCAUCAUCAUCAUCGUAUGAGAAGAUAGAGAAGAGUGAGAGUAUGAGAUUUGAGUUGAGA;AUGAUGAUGAUGAUGAUGAAA
test_17;CAGUCUGAUGUUGGGGGUCGUCGUGGACCCCGUCACCCAGAGGUCGAAAUGUGGUUACGGGAUCCCCUACGCUCCUCCGUAUCAGUCAA;UGGUCGAUUGUUAUGUGACGGU
test_19;GUGUUGAAACAAUCUCUACUG;GUGAAAUGUUUAGGACCACUAG
test_21;CUGCAAUGUAAGCACUUCUUAC;CUAGACUGAAGCUCCUUGAGG
test_25;AAUGUGUGUAUGUGUGUGUGUAU;UAAAAACACACAAACAUACGUACAAACAUACCCAUACACACAUACAUAUACAUAUAAGUAUAUGUGUGUACAUGUACGUGUGUAUGUAUAUGUGUGUC
test_27;CGACUCCGACACCCCGACCUCA;UUGUGACUAAAGUUUACCACGAU
test_35;GAUGGACUCGAUCGUAUGUUCA;GGAUGCAAGGUAUCAGAUGGU
test_36;AAAGUGCUUCUCUUUGGUGGGU;AAAAGUGCUUACAGUGCAGGUAG
test_40;ACGACAAUCGGGAUCGGGGCGU;AGUCGGCGACAGUGUGCGUGUC
test_41;UGAGCCAAGGAUGACUUGCCG;GUGACGAAAGUAGUGUGCAGCCAAGGAUGACUUGCCGAUUUAAAUGAUCUUUCUUUAUACUCUAUUAAGACAAUUUAGUUUCAAACUUUUUUUUUUUUUUUUUUUUGAAGGAUUCAGGAAGAAAUUAGGAUAUAUUAUUCCGUAUAAAAUACAAGAUAUAUAAAACCAAAAAGAAAAAGUAACAUGAUCGGCAAGUUGUCCUUGGCUACACGUUACUUUGUGUCGC
test_42;UUGUUGGUCGAUUCUGUGACGGU;CCGUUCCGUCACCGGACAUGUCAAUAGAGGACAUGGCCCACCAUAGUAUCUGGGAGUUUGACAUGUUUGAUGAUGGAGUCGGA
test_47;UAUGUAUGAAGAAAUGUAAGGU;AGUCGGCGACAGUGUGCGUGUC
test_50;CAGUGCAAUGUUAAAAGGGCAU;UCAUCCCUGGGUGGGGAUUUGUUGCAUUACUUGUGUUCUAUAUAAAGUAUUGCACUUGUCCCGGCCUGUGGAAGA
test_51;UAGUACUGUGCAUAUCAUCUAU;AUCAUAGAGGAAAAUCCACGU
test_52;AUCACAUUGCCAGGGAUUUCC;UGUGUCCCAUUAUUGGUGAUU
test_55;GGAUGCCACAUUCAGCCAUUCAGUGUGCAGUGCCUUUCACAGGGAGGUGUCAUUUAUGUGAACUAAAAUAUAAAUUUCACCUUUCUGAGAAGGGUAAUGUACAGCAUGCACUGCAUAUGUGGUGUCC;UAAGGCACGCGGUGAAUGCCAA
test_56;GGCCAGCUGUGAGUGUUUCUUUGGCAGUGUCUUAGCUGGUUGUUGUGAGCAAUAGUAAGGAAGCAAUCAGCAAGUAUACUGCCCUAGAAGUGCUGCACGUUGUGGGGCCC;GAAGUGCUUCGAUUUUGGGGUGU
test_62;ACCCGGCAGUGCCUCCAGGCGCAGGGCAGCCCCUGCCCACCGCACACUGCGCUGCCCCAGACCCACUGUGCGUGUGACAGCGGCUGAUCUGUGCCUGGGCAGCGCGACCC;CUGCAAUGUAAGCACUUCUUAC
test_64;UUGUACCUAAAAGGAGAUACUA;UCUAAGUUGAAAGGGAAGUCUCGGACCGAAAGUAUCUACGGUUUCGGUCCGAGACUUCCCUUUCGACUUAGA
test_68;CAGUGCAAUAGUAUUGUCAAAGC;UGUCGUGGGGCUUGCUGGCUUG
test_69;AAAGUGCUUCUCUUUGGUGGGU;UUCCCUUUGUCAUCCUUCGCCU
test_71;CCCAGUGUUUAGACUAUCUGUUC;UAACACUGUCUGGUAAAGAUGG
test_72;AGAUAAAUUCACUCUAGUGCUUUAUGGCUUUUUAUUCCUAUGUGAUCGUAAUAAAGUCUCAUGUAGGGAUGGAAGCCAUGAAAUACAUUGUGAAAAUUCA;UAUGGCUUUUCAUUCCUAUGUGA
test_79;UUUGGCACUAGCACAUUUUUGCU;UGGAGAGAGAAAAGAGACAGAAG
test_82;UCCUGUACUGAGCUGCCCCGAG;UGAGGUAGUAGUUUGUACAGUU
test_87;UCUUUGGUUAUCUAGCUGUAUGA;CAAAAGUAAUUGUGGAUUUUGU
test_90;UAGUGCAAUAUUGCUUAUAGGGU;CAAAAACCGGCAAUUACUUUUG
test_91;AUGACGGAAAGAGAGGU;GACCUCUCUGUUCCCCUUCUCC
test_93;AGAUUCAGCUUUCCCUUCAGAGCCUGGCUUUGGCAUCUAUGAAAGCCAGGCUCUGAAGGGAAAGUUGAAUCU;AUCAUAGAGGAAAAUCCAUGUU
test_94;AGCUACAUUGUCUGCUGGGUUUC;UGUGCAAAUCUAUGCAAAACUGA
test_95;CGAAACUGUUAUGAUAACGUGAC;UACGGGAAAAUUGUAACGUGAC
test_96;ACAUCUUUCGACGCACUGCAAGGUACCACGAACUGCCUUGGUACAAAAUGAGUAUGGAGCGUUGGUGUACCAAUCUAGUUCGUGUUGUCUUUUAGAGCGAUGUAAUAGUG;AACGGGAGAGUUGGGUCGAAAA
test_99;CCUCUUCCCCUUGUCUCUCCAG;UGGAGAGAGAAAAGAGACAGAAG
test_103;CCCCCCAACCCCCCUUCUCCCUCUGGGUCCGAGCCUGGCUUGUUAUUCGUGGGAGCUCUAGGCUCGUGGCCCCUGGGGGGAGGGCGGGGAGGGCUC;GGGUGGACGAGUCAGGCUCG
test_105;AGGCCUCUCUCUCCGUGUUCACAGCGGACCUUGAUUUAAAUGUCCAUACAAUUAAGGCACGCGGUGAAUGCCAAGAAUGGGGCUG;UGGAGAGAGAAAAGAGACAGAAG
test_109;AUCAUGAUGGGCUCCUCGGUGU;UCAAGUAGUUUCAUGAUAAAGG
test_111;GGUGGACCGUUCUUGUCCGCAAG;UCGAUACGGUCGUAGAACGGA
test_125;ACAGCAGGCACAGACAGGCAGU;GAUAUCAGCUCAGUAGGCACCG
test_129;UAUUCCUAAAAAUCCCCGUAAU;ACGGUUGGGGCGGACGUAGUACUUUACGGGAGCACUGUGCGACUACCCCGUUUGUAUAGUACUCACGUGAAGUACUACGACCGCCUCACUGU
test_132;UGGUCGGUGAACCGUCGUCGCCUCCCCCGUCUCAAAACCUUUCGGUCGGAGACGUCGGAGGAGACGGCCCUCCAUCUCCA;UUGAUAUGUUAGAUGAUGGAGU
test_139;ACUCACGAACGAUCCACGGUUC;CCCGGGGUGUUGCACGUCGUGAAGAUCCCGUCAUAUGAACGACUAACGAAGGAAUGAUAACGAGUGUUGUUGGUCGAUUCUGUGACGGUUUCUUUGUGAGUGUCGACCGG
test_145;GCACCUGGGGGUAGGGCACCAGUGGGCAGAGUGUCCUGCUGCUCAUGGUUUCCACCCUUUGUCCAG;UAGGACACAUGGUCUACUUCU
test_148;AAGUUCACGUCGGCAUCCGAGGCGAGAACCGUAAGUGGCGCACGGAAUUAACAUACUGUAAUUUAGUUCCAGGCGACACUUGUGCCUCUCGUCUCGGAGAUUAGAACUA;UGUAAAAAGCAAUAACGAGAACU
test_149;UGGCGGCGGUAGUUAUGGGCUU;AGCUGGUGUUGUGAAUCAGGCCG
test_151;GUGAAUCGUCCAACAUAAUAUA;AACAGGUAACAUAGACCCCUA
test_152;CAGUGCAAUAGUAUUGUCAAAGCAU;GGGCGGGCUGCCCCUCUUUCCCUGUUGCACUACUGUCACGGUCGCAGCGAGCAGUGCAAUAAUGAAAGGGCGUCAGU
test_154;CUGACUGUUGCCGUCCUCCAG;UAACAGUCUCCAGUCACGGCC
test_155;AAUCGUACAGGGUCAUCCACUU;UCCUGUACUGAGCUGCCCCGAG
test_157;CGAAACUGUUAUAGUAACGUGAC;ACGUUGAAUCAUUACACGUUAU
test_159;CAGCAGCAAUUCAUGUUUUGAA;UGAGUGUUGUCUACGAGGGCA
test_161;UAAAGUGCUUAUAGUGCAGGUAG;AGAGGCUGGCCGUGAUGAAUUC
test_162;CCUAGAAUGUUAUUAGGUCGGUGCAAAAGUAAUUGCGAGUUUUACCAUUACUUUCAAUGGCAAAACUGGCAAUUACUUUUGCACCAACGUAAUACUU;UGUGCAAAUCUAUGCAAAACUGA
test_165;CCCGGGGUGUUGCACGUCGUGAAGAUCCCGUCAUAUGAACGACUAACGAAGGAAUGAUAACGAGUGUUGUUGGUCGAUUCUGUGACGGUUUCUUUGUGAGUGUCGACCGG;UGGGAGAUUUUCCUUCGUGAAA
test_171;CAGUGCAAUGAUAUUGUCAAAGC;AAUUGCACUUUAGCAAUGGUGA
test_183;GCGCAGGAUGGGGGCCUCAUCACGUACUGCCAAUGAGGGGCCGUUCGUGAGCAGGCUUCCUCCUGUGC;UACGGGAAAAUUGUAACGUGAC
test_184;CAUUCUUCACGAAUGUAACGUC;GGAGUUCCUCGAAGUCAGAUC
test_186;CUGACCUUGGUUUACGAAACUGUUAUAAUAACGUGACGAAAUAAACACGUCUGUCAUCACGUUGUAACAGUCUCGGUCGCUAUGGUCGUCGGU;UCAUCACGUUAUUUCAGUCUCG
test_188;AUCAGGGCUUGUGGAAUGGGAAG;UCAGCAGGCAGGCUGGUGCAGC
test_189;UAGCAGCACAUCAUGGUUUGCA;AGGAGUUACUAUAGCUAGCAGCAAAAAGAACUUCAGAUGUGAUUAACUUGGAGCUCUGAGUUUGUGUUGCUGCUUUCUUAGUGCUCUCUU
test_190;GCUACAUCAGGUUUCCGUGUAU;AAAAAGACAACGAACAGAACCAAAAUACGGAAAAUAUAGUUCCGUGUAUUUUCCGUAUUUUGGUUCUGUUCGUUGUUUUUUU
test_191;AGUCAAAACGUACCUAAACGUGU;ACGUUUUCAUCAGAGUCAAAAA
test_192;AAAUGAGACCUGAUCGAGACACCUAGGACAGAUAGUCCGACAGACAGUCCUAGGUGUCUCGAUCAAGUCUCAUUU;AAAGACUGAGGUUCAGGUCA
test_196;ACACAGUCAAAGUGGGACGACG;GUCGUCCCGCCCCGGAGGCCUUCGAGGCGGGGUGCGAAAGGGCCCCGCGUACGCUGCACCCCGCCUCGCAGACCUUCGAGGCGGGCAGCGUGAC
test_197;AUCAACAGACAUUAAUUGGGCGC;AGGCAAGAUGCUGGCAUAGCU
test_198;UGCUGUGGCAUCAUCAAGAUUCACAUCUGUUGAUGGACGGUGGUGAUUCACUCUCCACAAAGUUCUCUAUGAAAAUGAGAAUCUUGAUGAUGCUGCAUCGGC;GGAAUCUUGAUGAUGCUGCAU
test_201;UCUUUCUCAUUUGUCGGAAGAGGGUCGAAAGAAUGAAAGGUGUCGACUCUCACAUCCUACAAAUGUCAUAGA;GAAGGUCAGCCCCUACAAAUGU
test_202;UACGGGAAAGUAGUAACGUGAC;AGAAGGUGUCCGGCCCUGUUCACGUUAUGAAAUAUAUCUUGUGUUCAUUACGUUGUUUAGGGGUGGGUCCCUACU
test_207;CCCGGGGUGUUGCACGUCGUGAAGAUCCCGUCAUAUGAACGACUAACGAAGGAAUGAUAACGAGUGUUGUUGGUCGAUUCUGUGACGGUUUCUUUGUGAGUGUCGACCGG;UAGACGUGACAGUCGUGAAAU
test_208;GGAAGUCUCUCCCCCCGGGAAGAUUGGACCCUCCCUCUGCUCCUACUUCACGAUUGGUGGACAAGGGGUUGGGAGCAGGGGAAGGGACCGGAGACUGUCGGGUCCAGAGGAGUCU;GGGAGAUUUUCCUUCGUGAAA
test_211;UGGGUGGCUGUUGUUACUUACAA;UGAGUGGCUGUCCAACUUACAA
test_212;UAGACGUGACAGUCGUGAAAU;UGUUUGGUGUCACACGACGAC
test_214;GACCUCCUGCCGUUGUCAGUC;CCGGCACUGACCUCUGACAAU
test_215;GCGGUUAUAAAUGCACGACGAU;UAGACGUGACAGUCGUGAAAU
test_218;UAAUUUUAUGUAUAAGCUAGU;UCAGGCAAAGGGAUAUUUACAGAUACUUUUUAAAAUUUGUUUGAGUUGAGGCAGAUUAAAUAUCUGUAUUCUCCUUUGCCUGCAG
test_220;GUGUUCUAGCCUAGAUGCCCAA;CGAUAAUCCAACCAUGUUUUCAUUAAUGUCAAAAAGGGUAAUGAAUGUUACCUUUUUUUGUACUAAUGAAAACGUCGUUGGAUUAU
test_221;GACGUGUGUCCUUAGUCACCGAGUCCCCCCGACGCUUCGGGAAUGGACUGGGUUGAAGGAGGACCACUCAUCA;UAUGAAAAACCCCAUUCCCGAA
test_222;UACGGGAAAAUUGUAACGUGAC;CGGAGGGUCACGUUCAUUGGUUCUUAUCCGGUCGUCCUUACCUAUGUCGGAUAGGACCUAAUGAACUUGGUCCACUG
test_223;AGGAGAGUGGAUUCCAGGUGGU;GGAGAAAUUAUCCUUGGUGUGU
test_224;AAGGAAUUUAAAGAUUUCGUCGUUUAUUACUAAGCGUAGAAGUGAUGUCGUACGUUUGGUACUACACGACGAUCUCAUGAAAUUCCGGAGU;AAGUCGUCGUGUCAAUUAUGACC
test_228;GAUCCCUUGUGUCCCGACCACU;GCCGGACUAAGUGUUGUGGUCGA
test_229;UCCCGAGUAGAACCAGGACGU;GUCGACCAACUUCCCCUGGUUU
test_231;AAUGAGAGAGAACACUGCAAA;CGCAUAGAAACUGACAGAAGAGAGUGAGCACACAAAGGCACUUUGCAUGUUCGAUGCAUUUGCUUCUCUUGCGUGCUCACUGCUCUAUCUGUCAGAUUCCGGCU
test_234;UAGCUUAUCAGACUGAUGUUGA;UUUAGGAUAAGCUUGACUUUUG
test_236;AGUCUGGCUCUGUUCACGUUAC;CGAAACUGUUAUGAUAACGUGAC
test_241;CUCGGGACCUGAUCCUCAGUCG;GGUAGACUGUGGUUCAGGUCA
test_245;CGCCUUGAAUCGGUGACACUU;GGGUCGAUCUAACAUUCGAGGAA
test_248;GGAUUACUAAGUAGUAAGAGUU;AGUAGUAAUGGUCCGUCAUAAU
test_250;GAUGGACGUGACAUUCGUGAAAA;UGUGAGUUUGUACCUUCGUGAAU
test_254;CUGGUCUCCUUUCGGUCGGGGA;CCCAGCGCGACGGGUCCGUGUCUAGUCGGCGACAGUGUGCGUGUCACCCAGACCCCGUCGCGUCACACGCCACCCGUCCCCGACGGGACGCGGACCUCCGUGACGGCCCA
test_256;UGCCCACGCUAAAGACACACUCU;AGGGAGUGUGUCUUAAGGUCUU
test_257;AGCCAGAAGAGGCAAGAACACGGUCAGGGGAAGGGAAGAGAUGCACUGUCCUCUAAAAUGCCUGACUGCAACCUCCUUUCUCCAGGGUACCUGUCAUGCUGCCGCUUCCUGGACG;AGCAGCAUUGUACAGGGCUAUGA
test_260;UGUCCCCCCCGGCCCAGGUUCUGUGAUACACUCCGACUCGGGCUCUGGAGCAGUCAGUGCAUGACAGAACUUGGGCCCGGAAGGACC;UGGAGUGUGACAAUGGUGUUUG
test_262;AAGUUUUGUACUUAACGACGAC;ACAUUUGGUACUACACGACGAU
test_266;CUUUGGGUCGUCUGUUACAUCGA;AGUCAAAACGUAUCUAAACGUGU
test_267;UAGCAGCACGUAAAUAUUGGCG;GGCCAGCCACCAGGAGGGCUG
test_270;ACCGUCGGACGGCGACAUUUGUAGGCUGACUUUCGAGGAGAGUUGUGGAAUGUCGAAGGUCAGUUCCUACAAAUGUCAUCGUUUCUGACGGG;UCGAUAGUGUCAUGACAUG
test_271;UACGAAACUGUUAUAAUAACGUGAC;GAGACGAAAGUCUACGAAACUGUUAUGAUAACGUGACGAUCGACACUUCAUGUCAUCACGUUAUUUCAGUCUCGUAAGCAAUCGUCGUUG
test_274;UGGUCCAAGGUGGGGUCGUCCG;GACCCACGCCCUACGUCCCACU
test_281;GAGUUCAAGGAAGGUUUUCUCGUUAACGAUAAAUCAUUUUUUAUUUGUGGUUGACGAGAAAGUCUUCCUCGAAGUC;GAGUUAUCUGACACUCGAGGAA
test_285;UCUCAUGAUGUGACCAUCUGGAGGUAAGAAGCACUUUGUGUUUUGUGAAAGAAAGUGCUUCCUUUCAGAGGGUUACUCUUUGAGA;CAAAGUGCUUACAGUGCAGGUAG
test_287;AAAGUGCUUCCUUUUAGAGGGU;UAAGUGCUUCCAUGUUUUGGUGA
test_288;UAGCAGCACAUCAUGGUUUACA;UAGCAGCACGUAAAUAUUGGCG
test_295;CUGGUCAUGAGAUGUAAUGCGAACUCGGUGUUCUCUUGGUGACAUGUAAAAUGACAGAAGUGUCACCAGUAGCUCACUGUGUGUGCAUCUCAUUCAU;UUUUAUGUAUAUAUAGAUGCAU
test_298;UCCGAGCCUGGGUCUCCCUCUU;UUCAAGUAAUUCAGGAUAGGU
test_300;UUGCUAAGUAGGCUGAGAUUGAUGUCAGGUUAUCCCCAAGCAUAACCUCACUCUCACCUUGCUUUGCAG;UAAUCUCAGCUGGCAACUGUGA
test_301;UCUCACACAGAAAUCGCACCCGU;UCCUGUCUUUCCUUGUUGGAGC
test_302;AGCAGCAUUGUACAGGGCUAUGA;ACUGCUAAUAUCUAAAUGCAGCAUGCCAGUCCUGAGAUGCAGGGACUGGCAUGCUGCAUUUAUAUAUUAGCAGU
test_305;AGAGGUAGUAGGUUGCAUAGUU;AGUAUUCUGUACCAGGGAAGGU
test_306;CCCUGGCAUGGUGUGGUGGGGCAGCUGGUGUUGUGAAUCAGGCCGUUGCCAAUCAGAGAACGGCUACUUCACAACACCAGGGCCACACCACACUACAGG;AAGCUGCCAGUUGAAGAACUGU
test_308;GGAUGCCACAUUCAGCCAUUCAGUGUGCAGUGCCUUUCACAGGGAGGUGUCAUUUAUGUGAACUAAAAUAUAAAUUUCACCUUUCUGAGAAGGGUAAUGUACAGCAUGCACUGCAUAUGUGGUGUCC;UAAGGCACGCGGUGAAUGCCAA
test_313;UUUGAGACUAAGAGAGACCUAGAGGACCUGUAGUGUCAAGGGUAUAGGUACCCUAGGUCUCUCUUAGUUUCAAA;CGCCUUGAAUCGGUGACACUU
test_314;UCACGGGGGUGUCAAACUCA;UAGGAGAUUUUUCUACGUGAAA
test_317;UUCCUCGAGUCUUCGGGACGGGUCG;UGACGGACAGACACGGACGACA
test_318;UCAAGUCACUAGUGGUUCCGUUUAG;AGUUAAUGAAUCCUGGAAAGU
test_319;UCCCUGGCGUGAGGGUAUGUGCCUUUGGACUACAUCGUGGAAGCCAGCACCAUGCAGUCCAUGGGCAUAUACACUUGCCUCAAGGCCUAUGUCAUC;UAAGGCACGCGGUGAAUGCCAA
test_325;UCACUUAAGAUGGUCACGGUAU;UGGUGGUAAGAAGUCAAUAGUGUCAUGACAUGGAAAGUCUAUAUGUCGUAGCCAUGGUACUAUUGGCUUUUUCCUGUCA
test_326;UUUUAUGUAUAUAUAGAUGCAU;CUGGUCAUGAGAUGUAAUGCGAACUCGGUGUUCUCUUGGUGACAUGUAAAAUGACAGAAGUGUCACCAGUAGCUCACUGUGUGUGCAUCUCAUUCAU
test_331;UGUGCAAAUCUAUGCAAAACUGA;AUGGCCAAAACUGCAGUUAUUUU
test_338;GGAAUAACUGGGCAAAGGCUCUCCUAAGGCAGGCAGACUUCAGUGUUGCCCAUUUCUCAGUUCUCUGAAGCUUGCUUACCUCCAAAGGGCCUUUGCCAUAGCCCUGUA;UGAGAACUGAAUUCCAUAGGCU
test_342;CAGUGCAAUAGUAUUGUCAAAGC;CAAAAACCGGCAAUUACUUUUG
test_343;CGACGUGGUCGGACGGACGACU;UGGGAUAUUCGUUAUAACGUGAU
test_345;UGAUAUGUUUGAUAUAUUAGGU;UGAGUCAGCAACAUAUCCCAUG
test_348;GUGCUUGGUUUGCAGGCAGUGUAGUUAGCUGAUUGUACCCAGCGCCCCACAAUCACUAAAUUCACUGCCAUCAAAACAAGGCAC;UAUUGCACAUUACUAAGUUGC
test_350;UUGUGACUAAAGUUUACCACGAU;AAGGAGUCGUGUCGUGGUAGAAG
test_351;UAUUAGGUUGCUGCAAAAGUAAUCAUGUUUUUUUCCAUUGUAAGUAAUGGGAAAAACUGUAAUUACUUUUGUACCAACCUAAUAGC;UUCAACGGGUAUUUAUUGAGCA
test_355;AUAGUCAAUUUUAUCGGUCUG;AAGGUUAGAUUGGUAUUGCAAUGAAAGAAGACAAAGCGGUAAUGAGAGAGAGACAGGGAACAAGCAGAGCAUGGAUUGAGUUUACUAAAACAUUAAACGACUCUGUUUUGUCUCUACCCAUGCACUGCCUCUUCCCUGGCUCCCUCUUUUUUUCUCUAUAUUUCUCUCUCUCCUUUCAUUUCACAGCUUUCAAUGGAAUUUUAUUGCUACUGCUAACG
test_360;CGGUCGAUUGUUAUGUGACGGA;CCGUCACAAAUCCGGUGUCGGUGGGUACACAUCGGUGGGGAUGUGUACCCACCGACACCGGAUUUGUGACGG
test_363;AAGUCAAUAGUGUCAUGACAUG;GAAAUAGAUUGUCAUGACAUUCACGGGUGUAAUGUCAUCCAGGUUACGGUUCGAUGGACGUGAUACUCGUGAAACUAUGACGAUC
test_368;UAAAGUGCUGACAGUGCAGAU;CUCAGGCUGUGACCCUCUAGAGGGAAGCACUUUCUGUUGCUUGAAAGAAGAGAAAGCGCUUCCUUUUAGAGGAUUACUCUUUGAG
test_370;UGGGAUAUUCGUUAUAACGUGAU;UGUCCGGCCCUGUUCACGUUAU
test_373;UAAGUGCUUCCAUGUUUGAGUGU;CUUUCUACACAGGUUGGGAUCGGUUGCAAUGCUGUGUUUCUGUAUGGUAUUGCACUUGUCCCGGCCUGUUGAGUUUGG
test_375;GUACAGUACUGUGAUAACUGAA;CCCGCCGCCCUGGGCUGGAUAUCAUCAUAUACUGUAAGUUCACUAUGAGACACUACAGUAUAGAUGAUGUACUCCCCUGGGCUGC
test_376;AGGACCGGGUUGGAGUGUGGU;UGGUAUCAACCGUUCAGAUCUUGGUGGCCCAGGGUAAUGGAAUGGCCACACUCAAGAUGGUAACGGUUUUUACCA
test_380;ACUCACGAACGAUCCACGGUUC;UCUGUUGUUACGGUUGGAGUGU
test_381;UAACACUGUCUGGUAAAGAUGG;AGCAGCAUUGUACAGGGCUAUCA
test_387;AACAGGUGACUGGUUAGACAA;UUGAAAGGCUAUUUCUUGGUC
test_389;UGGAAGGAGGUUGCCGGACGCU;UAGCAGCGGGAACAGUUCUGCAG
test_394;GCGGUUAUAAAUGCACGACGAU;CAGUCUGAUGUUGGGGGUCGUCGUGGACCCCGUCACCCAGAGGUCGAAAUGUGGUUACGGGAUCCCCUACGCUCCUCCGUAUCAGUCAA
test_395;UGCUGGAUCAGUGGUUCGAGUC;UACUGCAUCAGGAACUGAUUGGA
test_397;AUCAGUGAAAGUUACGUAACU;ACGAAAAGGGAGAAAAAUGUUUACGUAACUAAUUACGUCACUUUCACUGAUUUGGUCCCAACUAAUGACAAAGGCGAAGUAGUAUACUUCUUGUUUUUUUUAGCCUUGGGGCUACAUCAGUGAAAGUUACGUAACUAGCUGCGUUAUUUGACCAGUUUUUGGCUCUAGUUCGU
test_401;GCAGUUUUUGCCAUUAAGUUGCGGUUUUUGCCAUUAUAAUGGCAAAAACUGCAAUUACUUUCACACCUGC;CUUUUUGCGGUCUGGGCUUGC
test_405;UAUGAAAAACCCCAUUCCCGAA;AAGGGGUGCUUCCCCACAACGUCGCGAAGUACAAAACUUGGAACCGUUAUGAGGUUUUGUACUUAACGACGACGUCGGGAAGCCUCAGUUGCUCC
test_406;GUCGACAGGCUCAGGGUCCAGU;UUCCUUUUGUAACGUGAC
test_407;CUGCAAUGUAAGCACUUCUUAC;CCAGAGGUUGUAACGUUGUCUAUAUAUACCCUGUAGAACCGAAUUUGUGUGGUAUCCGUAUAGUCACAGAUUCGAUUCUAGGGGAAUAUAUGGUCGAUGCAAAAACUUCA
test_409;AAGUUUUGUACUUAACGACGAC;GGCCUCGUCGUCCGGUCGGGCUU
test_410;UUGAUAUGUUGGAGGAUGGAGU;GAGAAUUAAAGUUGAUAAUGGAGAUAAUCAUAUUGAGGGUUUAGGAUUAUCUCCAUCAUCGACUUUAAUUUUC
test_412;UAAGGCACGCGGUGAAUGCCAA;GCCCUAGCUUGGUUCUAAAUCCCAUGGUGCCUUCUCCUUGGGAAAAACAGAGAAGGCACUAUGAGAUUUAGAAUCAAGUUAGG
test_419;UAGUGCAAUAUUGCUUAUAGGGU;AAUUGCACGGUAUCCAUCUGUA
test_420;UUGAUACGUUGGAUGAUGGAGA;UGGAAGGGACCAUGUCUUAUGA
test_423;UUAGUGGUUAUUACCCUGUGU;CACCAUUAGGGACCGUUACACUA
test_425;UGGAGAGAGAAAAGAGACAGAAG;UCUGCAAGUGUCAGAGGCGAGG
test_431;AACAUUCAUUGUUGUCGGUGGGU;UCACAGUGAACCGGUCUCUUU
test_432;GGGUUUGGCAUUGCGAGAUUUCCCUUCGCGGAAGAAAAAAAAGUGUAUUCUCUUUCACGUAGGGAGACCUCUCAGUGUCGAACUC;GAUGGACGUGACAUUCGUGAAAA
test_435;UGGAUCUCGACAGGGUUGAUAUGAGAACACACGAGCAAUCAACGGCUAUAACGACGCUACGUCAUUGUUACAGCUCUCGUUUCAUGUGUUCUCAGGUCACCCCUGCUGAGCUCUU;UCACUCCUCUUCUUCUUGAUG
test_439;UCCGUAUCCUACUGUUUCCCUU;AGAGUUUGGCAUUAGGUCGUUUCCCUUCGCGAAAGAGAAGAAAGUCUGUUGUCUUUCCCGAAGGGAAACGUCAGUGUCGAACUCU
test_441;UAGCAGCACAUAAUGGUUUGUG;CUGACUAUGCCUCCCCGCAUCCCCUAGGGCAUUGGUGUAAAGCUGGAGACCCACUGCCCCAGGUGCUGCUGGGGGUUGUAGUC
test_448;UGAGGUAGUAGGUUGUGUGGUU;CUGCCCUGGCCCGAGGGACCGA
test_452;UUACUGGGAUGGAUAAGUCAGUC;ACCCCAUAAACUGUUUGACUGU
test_454;CGGUUAUAAAGACACGACGAU;GGCCUCGUCGUCCGGUCGGGCUU
test_455;UCCGUAUCCUACUGUUUCCCUU;GACGUCCGUUUCCUCUUAUGUCUAUAAAUUAGACGGAGUUGAGUUUGUUUAAAAUUUUUCAUAGACAUUUAUAGGGAAACGGACU
test_456;UGGUUGCCUGGAUGAAGGGAGGCGG;AGUGUUCAAUCCCAGAGUCCCU
test_458;CACUGACGGAGACUAGUCCGUUUCAACGUCCGAUAAACCCUUCUGUCAGACGUUAAAACGGACUAGUCUCCGUUAGUG;UCUUAAAAGUAUUACGUCAGUGU
test_459;GGCCUCCCAAACCUAGAGACUG;UUUCGGGAUACGUACACUGGUAACACUUCUUCGUAAAUCGGUAUUCAGUUCCGAAUGACAGGUAGUCUCUUGUGUGUGUCCCCU
test_460;GGUUCAAGACAGUACGUGACU;GGGGAGACCAGUUGGUCAGUGU
test_463;GACGUCUUGACAAGGGCGACGAU;CCACGGCUCUUGGAGCCGACCCCGCCCGACCGGUCGUCGCAGAUGUGGGGUCUUGGGCGGGCGCGGCCCCGAGGCCUUGG
test_467;CAGUGCAAUGAUGAAAGGGCAU;CAGUGCAAUAGUAUUGUCAAAGC
test_469;UAGAGUGAUUACACAUACAAGUGGUCUUGCUUCUUCUAUGGUUUUAAAACUGCAAAUAAAGAUUUGCUUCGCAGGAGAGAUAGCGCCAUCACCUCUUCUAAGAAGUUAACUAGUGGUGACGGUAUCUCUCCUACGUAGCAAUCCUUAUAUAUGCAUCUUAAUACGGAGAGAUCAAGGUAUUUCAGUUGUUCAAUAAUCACCCUCUA;UUCGCAGGAGAGAUAGCGCCA
test_471;UGCUCGCUCAGCUGAUCUGUGGCUUAGGUAGUUUCAUGUUGUUGGGAUUGAGUUUUGAACUCGGCAACAAGAAACUGCCUGAGUUACAUCAGUCGGUUUUCGUCGAGGGC;AAAAGUGCUUACAGUGCAGGUAG
test_472;UUGUUGUUUUAGUGAUCAGAAGGU;UCUGGAGGAUACGAUUCUUGG
test_474;UUAGUCAGAGUAACGAAAUAUU;AUUCUAUGGUCCAUACCGAUAUUUCAUUGACUCUGCCUAGGGUGUUUGCUGUAUACUGUUAGUCAGAGUAACGAAAUAUUAGUGUGGUCCAUGUU
test_477;UUUGGUCCCCUUCAACCAGCUG;UGCAGGACCAAGAUGAGCCCU
test_481;CGAGGACAGGUUGACCGAG;CCCUCACUUCUGUGCCUCGGUCU
test_482;GCAUGACUCUUCAACCUCAGGACUUGCAGAAUUAAUGGAAUGCUGUCCUAAGGUUGUUGAGUUGUGC;AAGCAUUCUUUCAUUGGUUGG
test_484;AUUCCUAGAAAUUGUUCAUA;AGAGGUAGUAGGUUGCAUAGUU
test_485;AGCAGAAGCAGGGAGGUUCUCCCA;UAGCAGCACGUAAAUAUUGGCG
test_491;AUUGGCUAAAGUCUACCACGAU;CGACUCCGACACCCCGACCUCA
test_492;UGAGGUAUUAGUUUGUGCUGUUAU;CCAGAGGAUACCUCCACUCCGUCUACCCAGUGUUUAGACUACCUGUUCAGGACUCCCAAAUUGUACAGUAGUCUGCACAUUGGUUAGGCUGGGCUGGGUUAGACCCUCGG
test_494;UGGGAGAGUUGGGUCGAAAA;UUGGGUACCUUAAGUCAAGAGU
test_495;CGUGGUCCUUGUGUUAAGGUGCAUCUAGUGCAGUUAGUGACGUAGCGUAGAAUCUACUGCCCUAAAUGCUCCUUCUGGCACAAG;UUAGAUGCCGUCAGGGAAAGAU
test_511;UCAGUGCACUACAGAACUUUGU;UGUCGUGGGGCUUGCUGGCUUG
test_512;GUUCGGUCGUUCGGGGUGCUGU;UUCCUUUUGUAACGUGAC
test_516;CACUGAGGUCCCUGACGGAAUCCUCUUUCAAAGACCUUCAAGACUGUAAGGUCUUUGAAAGAGGAUUCCGUCAGGGACCCUCAGUG;CCGUUUCUUCCUUGUAAGGA
test_518;UGGAGAGAGAAAAGAGACAGAAG;GAGAAUCAUCUCUCCCAGAUAAUGGCACUCUCAAACAAGUUUCCAAAUUGUUUGAAAGGCUAUUUCUUGGUCAGAUGACUCUC
test_523;UGUGACAGAUUGAUAACUGAAA;AUCACAUUGCCAGGGAUUUCC
test_524;AGAGUUUCUCAUUGGGAGACUUUCCUUCGUGAAAGAAAGUGUUUUGUGUUUCACGAAGAAUGGAGGUCUACCAGUGUAGUACUCU;UUCGUACCUUCGUGAAU
test_525;UGAGGUUUCCCUUCGCGGAAG;UGUGAGUUUGUACCUUCGUGAAU
test_526;ACACCCAACUCUCCUGGCUCUAGCAGCACAGAAAUAUUGGCAUGGGGAAGUGAGUCUGCCAAUAUUGGCUGUGCUGCUCCAGGCAGGGUGGUGA;UAGCAGCACAUCAUGGUUUACA
test_527;UUUCUGCACCUCUUUAAUCUUA;UGUGUGGUUCCUAUUAAAGAGG
test_531;UGUCAGUUUGUCAAAUACCCCA;CUGACUGAAUAGGUAGGGUCAUU
test_533;UCUCACACAGAAAUCGCACCCGU;GACCGAGAGGGCCUCGGCUGU
test_538;UGCUGUUGUCCAGAGCCCUUUUUCUGUUGUACUACUGGCAAUUAUGAUGAGCAGUGCAAUAUUAAAAGGGCAUUGGCUGGCAG;UAUUGCACAUUACUAAGUUGC
test_541;UGCGCUCCUCUCAGUCCCUGAGACCCUAACUUGUGAUGUUUACCGUUUAAAUCCACGGGUUAGGCUCUUGGGAGCUGCGAGUCGUGCU;UGUAAACAUCCUUGACUGGAAG
test_548;CGAAACUGUUAUGAUAACGUGAC;AGUGGUAACGAUUUCACGUUAA
test_549;UGUUGGGAUUCAGCAGGACCAU;AAAAGCUGGGUUGAGAGGGU
test_550;CAACCUGGAGGACUCCAUGCUG;GGCCAGCUGUGAGUGUUUCUUUGGCAGUGUCUUAGCUGGUUGUUGUGAGCAAUAGUAAGGAAGCAAUCAGCAAGUAUACUGCCCUAGAAGUGCUGCACGUUGUGGGGCCC
test_551;CGCCCACCUCAGCCUCCCAAAAUGCUGGGAUUACAGGCAUGAGCCACUGCGGUCGACCAUGACCUGGACAUGUUUGUGCCCAGUACUGUCAGUUUGCAG;UACAGUACUGUGAUAACUGAA
test_552;CUCAGGCUGUGACCCUCUAGAGGGAAGCACUUUCUGUUGCUUGAAAGAAGAGAAAGCGCUUCCUUUUAGAGGAUUACUCUUUGAG;AAAAGUGCUUACAGUGCAGGUAG
test_553;AGGGGCUGGCUUUCCUCUGGUC;ACCCGGCAGUGCCUCCAGGCGCAGGGCAGCCCCUGCCCACCGCACACUGCGCUGCCCCAGACCCACUGUGCGUGUGACAGCGGCUGAUCUGUGCCUGGGCAGCGCGACCC
test_560;UGUGACUGCAUUAUGAAAAUUCU;GCCUCUCUCGGAGUCGCUCGGA
test_565;UGCCAAAAUGGUCUGUCAUAAU;GGAUUACUAAGUAGUAAGAGUU
test_567;AGUAUGUCGAUCUAUUGGUUUCU;CUACCAAGCUUGGUCCUCAGCUCACUACCAAGUUUGGUGCUUAAUUCAUUACCAAGUUUGGUACUCAGCUCGAAACCAAGUUUGGGUCUCAGCU
test_569;GUGUUUGGUAAUACACGACGAU;UCCUUGUCGUCGUCGGGCCCGGC
test_570;UCCUGUACUGAGCUGCCCCGAG;UUGUGCUUUCAGCUUCUUUACAGUGCUGCCUUGUAGCAUUCAGGUCAAGCAGCAUUGUACAGGGCUAUGAAAGAACCA
test_571;CGGUACUCAAUCUCCGAUCGAA;GACACUACCGUUCUCCGUCGACUCCUCGACUCGAUCGCCUGAACCCCCGUGGGUGUCGUCGGAGAAGAGGGUG
test_576;GGGGAUGGGCUGGCGCGCGG;CGGGGCACCCCGCCCGGACAGCGCGCCGGCACCUUGGCUCUAGACUGCUUACUGCCCGGGCCGCCCUCAGUAACAGUCUCCAGUCACGGCCACCGACGCCUGGCCCCGCC
test_577;UGAGAACUGAAUUCCAUAGGCUG;GGCCAGCUGUGAGUGUUUCUUUGGCAGUGUCUUAGCUGGUUGUUGUGAGCAAUAGUAAGGAAGCAAUCAGCAAGUAUACUGCCCUAGAAGUGCUGCACGUUGUGGGGCCC
test_579;AGUUGCCCUCACUAGCACAGUAA;CCUGUGGUGUAUACGUCACGUACGACAUGUAAUGGGAAGAGUCUUUCCACUUUAAAUAUAAAAUCAAGUGUAUUUACUGUGGAGGGACACUUUCCGUGACGUGUGACUUACCGACUUACACCGUAGG
test_583;UACGGGAAAGUAGUAACGUGAC;ACGUUGAAUCAUUACACGUUAU
test_586;GUGAAUAGUCCAACAUAAUAUU;UGGGAGAUUUUCCUUCGUGAAA
test_587;GUGGUGGUCUCGGUUGCA;CGACCCACCUCUUCCACCACUU
test_590;UAAAGUGCUUAUAGUGCAGGUAG;UAAGUGCUUCCAUGUUUGAGUGU
test_592;CAAAGUGCCUCCCUUUAGAGUG;AAAGUGCUUCCUUUUAGAGGGU
test_593;UUAUGGUCCAAACCACGUUUUCAUUAACGGUCAAAACAGCAAUGAAAAUUACCGUUUUUAGUGUUAAUGAAAACGUGGUUGAAUUAUGGAGGGACGU;AGUCAAAACGUAUCUAAACGUGU
test_594;UAAAGUGCUUAUAGUGCAGGUAG;AAAGUGCUUCCUUUUUGAGGG
test_596;CUUUUGACGGGCGGACAGAAACUCUGUGCUGAAUGUCAAGUUCUGAUU;UGAGAACUGAAUUCCAUAGGCU
test_599;CCACCCUUCCGACGUCCCAGA;UUCACCUACUGGGACAUGCUAA
test_600;AGUGUCCAAUUUCCCAGAGUCCCU;UCGGGACAAGAUGUCGGGACUCC
test_601;UGCUGGAUCAGUGGUUCGAGUC;UGGCUCAGUUCAGCAGGAACAG
test_603;UACGGGAAAAUUGUAACGUGAC;GCGCAGGAUGGGGGCCUCAUCACGUACUGCCAAUGAGGGGCCGUUCGUGAGCAGGCUUCCUCCUGUGC
test_606;GUGUCUUUUGCUCUGCAGUCA;GACAUUCAGACUACCUG
test_617;UGCGGGGCUAGGGCUAACAGCA;UUAAGACUUGCAGUGAUGUUU
test_619;UGAGGUUUCCCUUCGCGGAAG;UGGGUGGUUUCUCUUCGUGAAA
test_620;AUCCAGUCUGUUUUGGCAUCUGA;GCGACUGUAAACAUCCUCGACUGGAAGCUGUGAAGCAGCAGAUGGGGCUUUCAGUCGGAUGUUUGCAGCUGC
test_621;UGGUGUUCGUAGACUCGUGAACC;GGUUUGAGUUGUCCGGCCCUGUUCACGUUAUGGUAUGUCUCUUUGUGUCGUAACGCUGUUUAGGGUUGGACACAUCUUUC
test_627;AAAAGCUGGGUUGAGAGGGU;AGAUUCAGCUUUCCCUUCAGAGCCUGGCUUUGGCAUCUAUGAAAGCCAGGCUCUGAAGGGAAAGUUGAAUCU
test_632;UGUUACUCUUGGGUACCAGA;UUCUUCACGUGGCGCUUACAAA
test_634;GAAGGUCAGCCCCUACAAAUGU;ACAUUUGGUACUACACGACGAU
test_636;GAUGGACGUGAUAUUCGUGAAAU;GGAGUCAGUAACCUGGAGUCGAUACUGUCGUGAAAGUAAGACCGUGGUCUUUCACGGGAGUUCCGACUCACGGUGUCUGACUCU
test_642;CCCCAGGGCGACGCGGCGGG;UAAGGUGCAUCUAGUGCAGAUAG
test_647;GAUCACCAGGAUUUGUAAAGUG;ACGGUUGGGGCGGACGUAGUACUUUACGGGAGCACUGUGCGACUACCCCGUUUGUAUAGUACUCACGUGAAGUACUACGACCGCCUCACUGU
test_658;UACUUCACAACACCAGGGUG;GGAGAACUGUUAUCUCGGGGAGAUCCCGAUCUCUCCUACCAGCAACUCGAGAUCUCUACGAGAUUACAGUUUUUGGGGGAAAUGUGUCCUCAGAACUGCUUAAUCGUAGAAGCUUCCUAG
test_660;UCCAGGUAGUGGUAACGAUUUCACGUUAAGGUUAAAGAUAAGUUGUCUCAACGUACAAUCGUUGUCACUGCCGGA;UAGACGUGACAGUCGUGAAAU
test_661;ACGUUGAAUCAUUACACGUUAU;UACGGGAAAGUAGUAACGUGAC
test_668;UGGGCGCUCGGACGGGGGAGGUUGUCGGUUUCCAGUUCACGAGGUUCAAACCCACGCCCUCCUCCCGACCGAGGAGUCCA;UGUGGGGUUUUAGCUUCGUGAAG
test_669;GUGCAUUGUAGUUGCAUUGCA;UAUUGCACAUUACUAAGUUGCA
test_676;CGACGUGGUCGGACGGACGACU;GGCCUCGUCGUCCGGUCGGGCUU
test_679;UUAUAAUACAACCUGAUAAGUG;GAAGUGCUUCGAUUUUGGGGUGU
test_688;ACCAUGCUGUAGUGUGUGUAAACAUCCUACACUCUCAGCUGUGAGCUCAAGGUGGCUGGGAGAGGGUUGUUUACUCCUUCUGCCAUGGA;UGUAAACAUCCCCGACUGGAAG
test_690;UAAGGCACGCGGUGAAUGCCAA;GUCAGCAGUGCCUUAGCAGCACGUAAAUAUUGGCGUUAAGAUUCUAAAAUUAUCUCCAGUAUUAACUGUGCUGCUGAAGUAAGGUUGAC
test_698;UCUCAGGCUGUGACCAUCUGGAGGUAAGAAGCACUUUCUGUUUUGUGAAAGAAAAGAAAGUGCUUCCUUUCAGAGGGUUACUCUUUGAGA;UAAGUGCUUCCAUGUUUUGGUGA
test_700;GUGCAUUGCUGUUGCAUUGC;AAUCCUUUGUCCCUGGGUGAGA
test_701;UGCACCUAAAAGGAGAUACUA;UAUCUACUAUACGUGUCAUGAU
test_702;UGUAAACAUCCUCGACUGGAAG;CUAACUUUUAGUUCCUGUAAACAUCCUACACUCAGCUAUAACAAGUGGUAGGGCUGGGGGGUGGAUGUUUACUUCAACUGACUUGGA
test_704;UAGUAGACCGUAUAGCGUACG;UGUCUACUACUGGAGACACUGG
test_705;UGUCGGCGAUCGUUAUGUGACGGAU;AGCCGUAGAUGUGAACGUGAC
test_707;AACUGACUAUGCCUCCUCGCAUCCCCUAGGGCAUUGGUGUAAAGCUGGAGACCCACUGCCCCAGGUGCUGCUGGGGGUUGUAGUCUGAC;CAGCAGCACACUGUGGUUUGUA
test_711;ACGUCGUCGGACGUCGACAUUUGUAGGCUGACUUUCGGGGGCGACUGUGGAGUGUCGAAGGUCAGUUCCUACAAAUGUCGUCGCUACUGACGGGGC;GGUCAGUUCCUACAAAUGU
test_712;CUAUACCAGGAUGUCAGCAUAGUU;CCAAAGCAUCGCGAAGGCCCACGGCG
test_716;UCCAAGUUCCGUAAGUGACUAA;UGUUGGUCGAUUCUGUGACGGU
test_717;GUUCGGUCGUUCGGGGUGCUGU;UACGGGAAAAUUGUAACGUGAC
test_720;CAGUGCAAUAGUAUUGUCAAAGCAU;GCAGUCUUCUGUUAGUUUUGCAUAGUUGCACUACAGGAAGAAUGUAGUUGUGCAAAUCUAUGCAAAACUGAUGGUGGCCUG
test_725;UUCCCUUUGUCAUCCUUCGCCU;UCAGGCAAAGGGAUAUUUACAGAUACUUUUUAAAAUUUGUUUGAGUUGAGGCAGAUUAAAUAUCUGUAUUCUCCUUUGCCUGCAG
test_727;UGUCCGGUAGACACAAUAUAA;UUUCUAGUUGGUACAUAAUAA
test_731;UAAGGUGCAUCUAGUGCAGUUAG;UAACAGUCUCCAGUCACGGCC
test_737;UCGGUGUUAGUGGAAGACUAGA;AAGGUGACGAUGUUGGAGGGUCU
test_751;UGAGGUUUCCCUUCGCGGAAG;UGGGAGAUUUUCCUUCGUGAAA
test_761;ACAGUACAAAAGGGUGUCGAAAGAACUCGAAGGUUUUACGAAUUAGAAUUUCAAAAAAAAGAAGAAUGAAAACAAAUUCUUUUUUUGUUACCUUUACUUUUUCUUUCAAGUUCUUUCGACACCUUUUCAUACUGG;GUCAAGUUCUUUCGACACCUU
test_766;UAUACCUCAGUUUUAUCAGGUG;AGAGGUAUAGGGCAUGGGAA
test_771;CUCAGGCUGUGACACUCUAGAGGGAAGCGCUUUCUGUUGUCUGAAAGAAAGGAAAGUGCAUCCUUUUAGAGUGUUACUGUUUGAG;ACUCAAACUGUGGGGGCACU
test_776;UGGAAGGGACCAUGUCUUAUGA;UUGACAUGUUUGAUGAUGGAGU
test_778;AGUGGUUUUGUACCUUCGUGAAU;GAUGGACGUGAUAUUCGUGAAAU
test_783;UGGCGUUGUCUCGUAGAGGUCCAGAUCUCUCCUGUUGGCAACUCGAAAUCUCUACGAGAUAACAGUUUG;GUGACCUCUACGGAACAAUAGU
test_787;UGGCUGCUGGUAUCGCUGGCUCUGACAAUGUUGCACUACUGUCUGCACAAAUAAAGCAGUGCAAUAAUAUUGUCAAAGCAUUUGGUUCCAGUC;CAGCACUGCUGCGCUCGGUG
test_788;AGGAGUUACUAUAGCUAGCAGCAAAAAGAACUUCAGAUGUGAUUAACUUGGAGCUCUGAGUUUGUGUUGCUGCUUUCUUAGUGCUCUCUU;CCAAUAUUAUUGUGCUGCUUAA
test_789;GUGUGCAUUUGCAGGAACUUGUGAGUCUCCUAUUGAAAAUGAACAGGAGACUGAUGAGUUCCCGGGAACACCCACAA;UCAAAUGCUCAGACUCCUGUGGU
test_791;UGUAAAAAGCAAUAACGAGAACU;CUCGAUGUCACGAAGUAGAGU
test_792;GCUCUGACUUUAUUGCACUACU;CUUUCUACACAGGUUGGGAUCAGUUGCAAUGCUGUGCGUUUCUGUGGUAUUGCACUUGUCCCGGCCUGUUGAGGUUGG
test_793;UACGGGAAAAUUGUAACGUGAC;GUCGACAGGCUCAGGGUCCAGU
test_796;UAGUGCAAUAUUGCUUAUAGGGU;UGGCUGCUGGUAUCGCUGGCUCUGACAAUGUUGCACUACUGUCUGCACAAAUAAAGCAGUGCAAUAAUAUUGUCAAAGCAUUUGGUUCCAGUC
test_798;AGAGUUGAGUUUAGAGUAUGAGAGUGAGAAGAGAUAGAAGAGUAUGCUACUACUACUACUACUACUGCUACUACUACUUCUACUUAUACUACUACUACUAUUACUACU;ACAGUGAAUGUAUAUAUGUCA
test_800;UGGUACUCGGAGGGAGGUUGUCCGUGGUGAGUUCGCAUUAUUUAAUGAUGCCCAAUACACGGUCGACCUCUUUUCGGUAUCA;UUCACCACCUUCUCCACCCAGC
test_803;CAGUUGGAAUGAAGUCGUCGUGUCAAUUAUGACCUCUAUUAAAAUCUUAGAAUUGCGGUUAUAAAUGCACGACGAUUCCGUGACGACUG;UGCCAAAAUGGUCUGUCAUAAU
test_805;CUUUUGCACCUAAAAGGAGAUACUAAUUAGUAUUUAUUACAUGAGUAUCUUCCUCUUAGAUGGAAAAU;UUGUACCUAAAAGGAGAUACUA
test_807;AAGGGUACGGGAUAUGGAGA;CAAGUCACUCUGUGUUGGAGUCACAAAGGUCCACUAAAAUUCUUGUGGACUAUUUUGACUCCAUAUCAUGGUGAUU
test_808;UUGAUACGUUGGAUGAUGGAGA;GAGAAUUAAAGUUGAUAAUGGAGAUAAUCAUAUUGAGGGUUUAGGAUUAUCUCCAUCAUCGACUUUAAUUUUC
test_814;CAAAGUGCUCAUAGUGCAGGUAG;UCUCAGGCUGUGACCAUCUGGAGGUAAGAAGCACUUUCUGUUUUGUGAAAGAAAAGAAAGUGCUUCCUUUCAGAGGGUUACUCUUUGAGA
test_822;CUGGCCCUCUCUGCCCUUCCGU;UAGUGGAUGAUGCACUCUGUGC
test_824;GGAAGUCUCUCCCCCCGGGAAGAUUGGACCCUCCCUCUGCUCCUACUUCACGAUUGGUGGACAAGGGGUUGGGAGCAGGGGAAGGGACCGGAGACUGUCGGGUCCAGAGGAGUCU;GGGAGUUUUUCCUUCGUGAAA
test_825;AAAGUGCUUCUCUUUGGUGGGU;ACUCAAACUGUGGGGGCACU
test_826;UAAGUGCUUCCAUGUUUUGGUGA;UAAAGAGCCCUGUGGAGACA
